Code Number,Alpha Code,Status
1,DTD-5QFY-XBGU,Available
2,DTD-BN2H-VYLY,Available
3,DTD-XPXV-8A5E,Available
4,DTD-6P8S-WDPL,Available
5,DTD-QSCT-ZSLH,Available
6,DTD-54BN-T5ZT,Available
7,DTD-FP7T-D54P,Available
8,DTD-B9G5-UEUM,Available
9,DTD-ABRJ-PQYU,Available
10,DTD-D5QW-QX7X,Available
11,DTD-X7MA-TSYM,Available
12,DTD-WNGH-F37B,Available
13,DTD-SL5E-64F9,Available
14,DTD-6RCB-75HZ,Available
15,DTD-AUDL-EE22,Available
16,DTD-T84M-PXPN,Available
17,DTD-ETFA-NUPG,Available
18,DTD-CBY4-CT6J,Available
19,DTD-5VM5-P4T8,Available
20,DTD-SYL9-R2SG,Available
21,DTD-N6KD-SXCR,Available
22,DTD-9NH3-NR7D,Available
23,DTD-KJMN-G6T9,Available
24,DTD-GCVU-LPMJ,Available
25,DTD-8NX3-RES3,Available
26,DTD-SA2Y-86ZU,Available
27,DTD-WHRJ-N6KR,Available
28,DTD-9LCG-BBAB,Available
29,DTD-9G63-86YJ,Available
30,DTD-GCW9-E48J,Available
31,DTD-9MVL-AFYS,Available
32,DTD-6555-H22U,Available
33,DTD-LUCB-J2MX,Available
34,DTD-3XJH-VAG9,Available
35,DTD-D4SQ-VTJL,Available
36,DTD-LAXY-5Y9D,Available
37,DTD-3XHV-VVVZ,Available
38,DTD-RVH6-RT9A,Available
39,DTD-3KBB-PE5Y,Available
40,DTD-YKBR-YGQZ,Available
41,DTD-D7CJ-TP7K,Available
42,DTD-KZEA-4YGD,Available
43,DTD-ANUM-GYMN,Available
44,DTD-XLQJ-7AUS,Available
45,DTD-YWNH-2RVP,Available
46,DTD-K849-76MV,Available
47,DTD-8CEF-4548,Available
48,DTD-J3PJ-FS5P,Available
49,DTD-PQ55-H9X9,Available
50,DTD-UMB2-TVVF,Available
51,DTD-6YDN-T8AK,Available
52,DTD-XNVQ-NJZP,Available